url,label,score,prediction,has_query,has_security,has_payment,has_redirect,has_encoding,path_depth,query_params,registrable_domain,hostname,tld,URLLength,DomainLength,IsDomainIP,NoOfSubDomain,IsHTTPS,HasSuspiciousWords,SpecialCharRatio,DigitRatio,HasAtSymbol,SuspiciousTLD,BrandImpersonationScore,HyphenCount,PathQueryLength,KnownBrandDomain,DomainVowelRatio
https://wsj.com/en-us/library,0,0.5168490632345508,1,0,0,0,0,0,2,0,wsj.com,wsj.com,com,29.0,7.0,0.0,0.0,1.0,0.0,0.2413793103448276,0.0,0.0,0.0,0.0,0.0,14.0,0.0,0.0
https://cdc.gov/products/electronics,0,0.5079843502205411,1,0,0,0,0,0,2,0,cdc.gov,cdc.gov,gov,36.0,7.0,0.0,0.0,1.0,0.0,0.16666666666666666,0.0,0.0,0.0,0.0,0.0,21.0,0.0,0.0
https://www.techcrunch.com/library/3.12,0,0.4835353540813074,1,0,0,0,0,0,2,0,techcrunch.com,www.techcrunch.com,com,39.0,18.0,0.0,1.0,1.0,0.0,0.20512820512820512,0.07692307692307693,0.0,0.0,0.0,0.0,13.0,0.0,0.2
https://hsbc.com/library/3.12,0,0.6217590246401262,1,0,0,0,0,0,2,0,hsbc.com,hsbc.com,com,29.0,8.0,0.0,0.0,1.0,0.0,0.2413793103448276,0.10344827586206896,0.0,0.0,0.0,0.0,13.0,0.0,0.0
http://trello.com/wiki/Main_Page,0,0.9500652129135169,1,0,0,0,0,0,2,0,trello.com,trello.com,com,32.0,10.0,0.0,0.0,0.0,0.0,0.21875,0.0,0.0,0.0,0.0,0.0,15.0,0.0,0.3333333333333333
https://salesforce.com/watch?v=dQw4w9WgXcQ,0,0.5177391486085228,1,1,0,0,0,0,1,1,salesforce.com,salesforce.com,com,42.0,14.0,0.0,0.0,1.0,0.0,0.16666666666666666,0.047619047619047616,0.0,0.0,0.0,0.0,19.0,0.0,0.4
https://x.com/download,0,0.6332742749984223,1,0,0,0,0,0,1,0,x.com,x.com,com,22.0,5.0,0.0,0.0,1.0,0.0,0.22727272727272727,0.0,0.0,0.0,0.0,0.0,9.0,0.0,0.0
https://www.epicgames.com/releases/tag/v2.3.1,0,0.46092874838877407,1,0,0,0,0,0,3,0,epicgames.com,www.epicgames.com,com,45.0,17.0,0.0,1.0,1.0,0.0,0.2222222222222222,0.06666666666666667,0.0,0.0,0.0,0.0,20.0,0.0,0.4444444444444444
https://pypi.org/issues/1042,0,0.6480177472163405,1,0,0,0,0,0,2,0,pypi.org,pypi.org,org,28.0,8.0,0.0,0.0,1.0,0.0,0.21428571428571427,0.14285714285714285,0.0,0.0,0.0,0.0,12.0,0.0,0.25
http://salesforce.com/wiki,0,0.9593901723269719,1,0,0,0,0,0,1,0,salesforce.com,salesforce.com,com,26.0,14.0,0.0,0.0,0.0,0.0,0.19230769230769232,0.0,0.0,0.0,0.0,0.0,5.0,0.0,0.4
http://npmjs.com/order/confirmation/778213,0,0.9456508441359315,1,0,0,1,0,0,3,0,npmjs.com,npmjs.com,com,42.0,9.0,0.0,0.0,0.0,0.0,0.16666666666666666,0.14285714285714285,0.0,0.0,0.0,0.0,26.0,0.0,0.0
https://twitch.tv/item/98213,0,0.7148132191629297,1,0,0,0,0,0,2,0,twitch.tv,twitch.tv,tv,28.0,9.0,0.0,0.0,1.0,0.0,0.21428571428571427,0.17857142857142858,0.0,0.0,0.0,0.0,11.0,0.0,0.16666666666666666
https://khanacademy.org/questions/12345/how-to-parse-json,0,0.4869146804131489,1,0,0,0,0,0,3,0,khanacademy.org,khanacademy.org,org,57.0,15.0,0.0,0.0,1.0,0.0,0.17543859649122806,0.08771929824561403,0.0,0.0,0.0,0.0,34.0,0.0,0.36363636363636365
https://lyft.com/sports,0,0.48491665015106067,1,0,0,0,0,0,1,0,lyft.com,lyft.com,com,23.0,8.0,0.0,0.0,1.0,0.0,0.21739130434782608,0.0,0.0,0.0,0.0,0.0,7.0,0.0,0.0
https://www.gov.uk/profile,0,0.49918710991519816,1,0,0,0,0,0,1,0,www.gov.uk,www.gov.uk,uk,26.0,10.0,0.0,0.0,1.0,0.0,0.23076923076923078,0.0,0.0,0.0,0.0,0.0,8.0,0.0,0.0
https://pypi.org,0,0.5079465136910766,1,0,0,0,0,0,0,0,pypi.org,pypi.org,org,16.0,8.0,0.0,0.0,1.0,0.0,0.25,0.0,0.0,0.0,0.0,0.0,0.0,0.0,0.25
https://berkeley.edu,0,0.4547509964667397,1,0,0,0,0,0,0,0,berkeley.edu,berkeley.edu,edu,20.0,12.0,0.0,0.0,1.0,0.0,0.2,0.0,0.0,0.0,0.0,0.0,0.0,0.0,0.375
https://digitalocean.com/questions/12345/how-to-parse-json,0,0.5779524621309189,1,0,0,0,0,0,3,0,digitalocean.com,digitalocean.com,com,58.0,16.0,0.0,0.0,1.0,0.0,0.1724137931034483,0.08620689655172414,0.0,0.0,0.0,0.0,34.0,0.0,0.5
https://americanexpress.com/dashboard,0,0.538379817167365,1,0,0,0,0,0,1,0,americanexpress.com,americanexpress.com,com,37.0,19.0,0.0,0.0,1.0,0.0,0.13513513513513514,0.0,0.0,0.0,0.0,0.0,10.0,0.0,0.4
https://bestbuy.com/wiki/Main_Page,0,0.4688946063061281,1,0,0,0,0,0,2,0,bestbuy.com,bestbuy.com,com,34.0,11.0,0.0,0.0,1.0,0.0,0.20588235294117646,0.0,0.0,0.0,0.0,0.0,15.0,0.0,0.2857142857142857
https://steamcommunity.com/reference/functions.html,0,0.5118904192050284,1,0,0,0,0,0,2,0,steamcommunity.com,steamcommunity.com,com,51.0,18.0,0.0,0.0,1.0,0.0,0.13725490196078433,0.0,0.0,0.0,0.0,0.0,25.0,0.0,0.35714285714285715
http://npr.org/wiki/Main_Page,0,0.882723857017105,1,0,0,0,0,0,2,0,npr.org,npr.org,org,29.0,7.0,0.0,0.0,0.0,0.0,0.2413793103448276,0.0,0.0,0.0,0.0,0.0,15.0,0.0,0.0
https://wsj.com/sports,0,0.5072296093983517,1,0,0,0,0,0,1,0,wsj.com,wsj.com,com,22.0,7.0,0.0,0.0,1.0,0.0,0.22727272727272727,0.0,0.0,0.0,0.0,0.0,7.0,0.0,0.0
https://theguardian.com/checkout,0,0.4726784400691453,1,0,0,1,0,0,1,0,theguardian.com,theguardian.com,com,32.0,15.0,0.0,0.0,1.0,0.0,0.15625,0.0,0.0,0.0,0.0,0.0,9.0,0.0,0.45454545454545453
http://www.irs.gov/contact,0,0.836415735118608,1,0,0,0,0,0,1,0,irs.gov,www.irs.gov,gov,26.0,11.0,0.0,1.0,0.0,0.0,0.23076923076923078,0.0,0.0,0.0,0.0,0.0,8.0,0.0,0.3333333333333333
https://twitch.tv/,0,0.6509256553942214,1,0,0,0,0,0,0,0,twitch.tv,twitch.tv,tv,18.0,9.0,0.0,0.0,1.0,0.0,0.2777777777777778,0.0,0.0,0.0,0.0,0.0,1.0,0.0,0.16666666666666666
https://americanexpress.com/order/confirmation/778213,0,0.5739189350158437,1,0,0,1,0,0,3,0,americanexpress.com,americanexpress.com,com,53.0,19.0,0.0,0.0,1.0,0.0,0.1320754716981132,0.11320754716981132,0.0,0.0,0.0,0.0,26.0,0.0,0.4
https://wired.com/item/98213,0,0.5840551489363618,1,0,0,0,0,0,2,0,wired.com,wired.com,com,28.0,9.0,0.0,0.0,1.0,0.0,0.21428571428571427,0.17857142857142858,0.0,0.0,0.0,0.0,11.0,0.0,0.4
https://digitalocean.com/docs/api,0,0.4725739575929082,1,0,0,0,0,0,2,0,digitalocean.com,digitalocean.com,com,33.0,16.0,0.0,0.0,1.0,0.0,0.18181818181818182,0.0,0.0,0.0,0.0,0.0,9.0,0.0,0.5
https://gov.uk/help,0,0.6800279223752705,1,0,0,0,0,0,1,0,gov.uk,gov.uk,uk,19.0,6.0,0.0,0.0,1.0,0.0,0.2631578947368421,0.0,0.0,0.0,0.0,0.0,5.0,0.0,0.3333333333333333
https://gov.uk/en-us/library,0,0.5644527888282408,1,0,0,0,0,0,2,0,gov.uk,gov.uk,uk,28.0,6.0,0.0,0.0,1.0,0.0,0.25,0.0,0.0,0.0,0.0,0.0,14.0,0.0,0.3333333333333333
http://www.booking.com/library/3.12,0,0.9521100601338663,1,0,0,0,0,0,2,0,booking.com,www.booking.com,com,35.0,15.0,0.0,1.0,0.0,0.0,0.22857142857142856,0.08571428571428572,0.0,0.0,0.0,0.0,13.0,0.0,0.42857142857142855
https://slack.com/repos/example/project,0,0.4791779364764544,1,0,0,0,0,0,3,0,slack.com,slack.com,com,39.0,9.0,0.0,0.0,1.0,0.0,0.1794871794871795,0.0,0.0,0.0,0.0,0.0,22.0,0.0,0.2
https://lyft.com/support,0,0.47038018066806375,1,0,0,0,0,0,1,0,lyft.com,lyft.com,com,24.0,8.0,0.0,0.0,1.0,0.0,0.20833333333333334,0.0,0.0,0.0,0.0,0.0,8.0,0.0,0.0
https://etsy.com/docs,0,0.47437963390518323,1,0,0,0,0,0,1,0,etsy.com,etsy.com,com,21.0,8.0,0.0,0.0,1.0,0.0,0.23809523809523808,0.0,0.0,0.0,0.0,0.0,5.0,0.0,0.25
https://wsj.com/science,0,0.49329578746424946,1,0,0,0,0,0,1,0,wsj.com,wsj.com,com,23.0,7.0,0.0,0.0,1.0,0.0,0.21739130434782608,0.0,0.0,0.0,0.0,0.0,8.0,0.0,0.0
https://store.steampowered.com/releases/tag/v2.3.1,0,0.5402733300572606,1,0,0,0,0,0,3,0,steampowered.com,store.steampowered.com,com,50.0,22.0,0.0,1.0,1.0,0.0,0.2,0.06,0.0,0.0,0.0,0.0,20.0,0.0,0.4166666666666667
http://harvard.edu/about,0,0.9501537939650854,1,0,0,0,0,0,1,0,harvard.edu,harvard.edu,edu,24.0,11.0,0.0,0.0,0.0,0.0,0.20833333333333334,0.0,0.0,0.0,0.0,0.0,6.0,0.0,0.2857142857142857
https://twitch.tv/products,0,0.4758384195264437,1,0,0,0,0,0,1,0,twitch.tv,twitch.tv,tv,26.0,9.0,0.0,0.0,1.0,0.0,0.19230769230769232,0.0,0.0,0.0,0.0,0.0,9.0,0.0,0.16666666666666666
https://berkeley.edu/item/98213,0,0.5139823240270542,1,0,0,0,0,0,2,0,berkeley.edu,berkeley.edu,edu,31.0,12.0,0.0,0.0,1.0,0.0,0.1935483870967742,0.16129032258064516,0.0,0.0,0.0,0.0,11.0,0.0,0.375
http://expedia.com/wiki,0,0.9648585030834275,1,0,0,0,0,0,1,0,expedia.com,expedia.com,com,23.0,11.0,0.0,0.0,0.0,0.0,0.21739130434782608,0.0,0.0,0.0,0.0,0.0,5.0,0.0,0.5714285714285714
http://www.bloomberg.com/questions/12345/how-to-parse-json,0,0.9576723484387744,1,0,0,0,0,0,3,0,bloomberg.com,www.bloomberg.com,com,58.0,17.0,0.0,1.0,0.0,0.0,0.1896551724137931,0.08620689655172414,0.0,0.0,0.0,0.0,34.0,0.0,0.3333333333333333
https://npr.org/technology,0,0.46558559422142565,1,0,0,0,0,0,1,0,npr.org,npr.org,org,26.0,7.0,0.0,0.0,1.0,0.0,0.19230769230769232,0.0,0.0,0.0,0.0,0.0,11.0,0.0,0.0
https://npmjs.com/user/johndoe,0,0.4597756915523542,1,0,0,0,0,0,2,0,npmjs.com,npmjs.com,com,30.0,9.0,0.0,0.0,1.0,0.0,0.2,0.0,0.0,0.0,0.0,0.0,13.0,0.0,0.0
https://x.com/products/electronics,0,0.5669025526166197,1,0,0,0,0,0,2,0,x.com,x.com,com,34.0,5.0,0.0,0.0,1.0,0.0,0.17647058823529413,0.0,0.0,0.0,0.0,0.0,21.0,0.0,0.0
https://www.gov.uk/business,0,0.492974018111411,1,0,0,0,0,0,1,0,www.gov.uk,www.gov.uk,uk,27.0,10.0,0.0,0.0,1.0,0.0,0.2222222222222222,0.0,0.0,0.0,0.0,0.0,9.0,0.0,0.0
https://x.com/docs,0,0.7640407693303665,1,0,0,0,0,0,1,0,x.com,x.com,com,18.0,5.0,0.0,0.0,1.0,0.0,0.2777777777777778,0.0,0.0,0.0,0.0,0.0,5.0,0.0,0.0
https://khanacademy.org/pull/2031,0,0.5007189886447461,1,0,0,0,0,0,2,0,khanacademy.org,khanacademy.org,org,33.0,15.0,0.0,0.0,1.0,0.0,0.18181818181818182,0.12121212121212122,0.0,0.0,0.0,0.0,10.0,0.0,0.36363636363636365
http://www.ibm.com/docs/getting-started,0,0.920839619675798,1,0,0,0,0,0,2,0,ibm.com,www.ibm.com,com,39.0,11.0,0.0,1.0,0.0,0.0,0.20512820512820512,0.0,0.0,0.0,0.0,0.0,21.0,0.0,0.3333333333333333
https://www.wired.com/api/v1/users,0,0.46255791042211686,1,0,0,0,0,0,3,0,wired.com,www.wired.com,com,34.0,13.0,0.0,1.0,1.0,0.0,0.23529411764705882,0.029411764705882353,0.0,0.0,0.0,0.0,13.0,0.0,0.4
https://oracle.com/api/v1/users,0,0.5322214821159581,1,0,0,0,0,0,3,0,oracle.com,oracle.com,com,31.0,10.0,0.0,0.0,1.0,0.0,0.22580645161290322,0.03225806451612903,0.0,0.0,0.0,0.0,13.0,0.0,0.5
https://x.com/checkout,0,0.6332742749984223,1,0,0,1,0,0,1,0,x.com,x.com,com,22.0,5.0,0.0,0.0,1.0,0.0,0.22727272727272727,0.0,0.0,0.0,0.0,0.0,9.0,0.0,0.0
https://ibm.com/en-us/library,0,0.45857303925154247,1,0,0,0,0,0,2,0,ibm.com,ibm.com,com,29.0,7.0,0.0,0.0,1.0,0.0,0.2413793103448276,0.0,0.0,0.0,0.0,0.0,14.0,0.0,0.3333333333333333
https://wellsfargo.com/questions/12345/how-to-parse-json,0,0.47993436305276127,1,0,0,0,0,0,3,0,wellsfargo.com,wellsfargo.com,com,56.0,14.0,0.0,0.0,1.0,0.0,0.17857142857142858,0.08928571428571429,0.0,0.0,0.0,0.0,34.0,0.0,0.3
https://gov.uk/pull/2031,0,0.6963558632815939,1,0,0,0,0,0,2,0,gov.uk,gov.uk,uk,24.0,6.0,0.0,0.0,1.0,0.0,0.25,0.16666666666666666,0.0,0.0,0.0,0.0,10.0,0.0,0.3333333333333333
https://irs.gov/en-us/docs/Web/JavaScript,0,0.47069687325685666,1,0,0,0,0,0,4,0,irs.gov,irs.gov,gov,41.0,7.0,0.0,0.0,1.0,0.0,0.21951219512195122,0.0,0.0,0.0,0.0,0.0,26.0,0.0,0.3333333333333333
https://slack.com/features,0,0.4633787307146461,1,0,0,0,0,0,1,0,slack.com,slack.com,com,26.0,9.0,0.0,0.0,1.0,0.0,0.19230769230769232,0.0,0.0,0.0,0.0,0.0,9.0,0.0,0.2
https://cdc.gov/watch?v=dQw4w9WgXcQ,0,0.6002393443338504,1,1,0,0,0,0,1,1,cdc.gov,cdc.gov,gov,35.0,7.0,0.0,0.0,1.0,0.0,0.2,0.05714285714285714,0.0,0.0,0.0,0.0,19.0,0.0,0.0
http://www.intel.com,0,0.9779853434661291,1,0,0,0,0,0,0,0,intel.com,www.intel.com,com,20.0,13.0,0.0,1.0,0.0,0.0,0.25,0.0,0.0,0.0,0.0,0.0,0.0,0.0,0.4
https://nih.gov/questions/12345/how-to-parse-json,0,0.4858249244265174,1,0,0,0,0,0,3,0,nih.gov,nih.gov,gov,49.0,7.0,0.0,0.0,1.0,0.0,0.20408163265306123,0.10204081632653061,0.0,0.0,0.0,0.0,34.0,0.0,0.3333333333333333
http://www.quora.com/community,0,0.8802374669945516,1,0,0,0,0,0,1,0,quora.com,www.quora.com,com,30.0,13.0,0.0,1.0,0.0,0.0,0.2,0.0,0.0,0.0,0.0,0.0,10.0,0.0,0.6
https://who.int/docs,0,0.49217644869794663,1,0,0,0,0,0,1,0,who.int,who.int,int,20.0,7.0,0.0,0.0,1.0,0.0,0.25,0.0,0.0,0.0,0.0,0.0,5.0,0.0,0.3333333333333333
https://twitch.tv/technology,0,0.5213266110546153,1,0,0,0,0,0,1,0,twitch.tv,twitch.tv,tv,28.0,9.0,0.0,0.0,1.0,0.0,0.17857142857142858,0.0,0.0,0.0,0.0,0.0,11.0,0.0,0.16666666666666666
https://hsbc.com/reference/functions.html,0,0.5271271004885711,1,0,0,0,0,0,2,0,hsbc.com,hsbc.com,com,41.0,8.0,0.0,0.0,1.0,0.0,0.17073170731707318,0.0,0.0,0.0,0.0,0.0,25.0,0.0,0.0
https://steamcommunity.com/docs/getting-started,0,0.4921987952984665,1,0,0,0,0,0,2,0,steamcommunity.com,steamcommunity.com,com,47.0,18.0,0.0,0.0,1.0,0.0,0.14893617021276595,0.0,0.0,0.0,0.0,0.0,21.0,0.0,0.35714285714285715
https://cloudflare.com/api/v2/products?page=2,0,0.5226892135608279,1,1,0,0,0,0,3,1,cloudflare.com,cloudflare.com,com,45.0,14.0,0.0,0.0,1.0,0.0,0.2,0.044444444444444446,0.0,0.0,0.0,0.0,22.0,0.0,0.4
https://americanexpress.com/checkout,0,0.4993501404597713,1,0,0,1,0,0,1,0,americanexpress.com,americanexpress.com,com,36.0,19.0,0.0,0.0,1.0,0.0,0.1388888888888889,0.0,0.0,0.0,0.0,0.0,9.0,0.0,0.4
https://mit.edu/item/98213,0,0.6409429177483188,1,0,0,0,0,0,2,0,mit.edu,mit.edu,edu,26.0,7.0,0.0,0.0,1.0,0.0,0.23076923076923078,0.19230769230769232,0.0,0.0,0.0,0.0,11.0,0.0,0.3333333333333333
https://airbnb.com/api/v1/users,0,0.5307025918172477,1,0,0,0,0,0,3,0,airbnb.com,airbnb.com,com,31.0,10.0,0.0,0.0,1.0,0.0,0.22580645161290322,0.03225806451612903,0.0,0.0,0.0,0.0,13.0,0.0,0.3333333333333333
https://nih.gov/tree/main/src,0,0.45857303925154247,1,0,0,0,0,0,3,0,nih.gov,nih.gov,gov,29.0,7.0,0.0,0.0,1.0,0.0,0.2413793103448276,0.0,0.0,0.0,0.0,0.0,14.0,0.0,0.3333333333333333
http://theguardian.com/downloads/latest,0,0.9554883995612101,1,0,0,0,0,0,2,0,theguardian.com,theguardian.com,com,39.0,15.0,0.0,0.0,0.0,0.0,0.15384615384615385,0.0,0.0,0.0,0.0,0.0,17.0,0.0,0.45454545454545453
https://lyft.com/pull/2031,0,0.6547598684315419,1,0,0,0,0,0,2,0,lyft.com,lyft.com,com,26.0,8.0,0.0,0.0,1.0,0.0,0.23076923076923078,0.15384615384615385,0.0,0.0,0.0,0.0,10.0,0.0,0.0
https://wellsfargo.com/order/confirmation/778213,0,0.4938632405125925,1,0,0,1,0,0,3,0,wellsfargo.com,wellsfargo.com,com,48.0,14.0,0.0,0.0,1.0,0.0,0.14583333333333334,0.125,0.0,0.0,0.0,0.0,26.0,0.0,0.3
https://npmjs.com/releases/tag/v2.3.1,0,0.5842507476971647,1,0,0,0,0,0,3,0,npmjs.com,npmjs.com,com,37.0,9.0,0.0,0.0,1.0,0.0,0.24324324324324326,0.08108108108108109,0.0,0.0,0.0,0.0,20.0,0.0,0.0
https://wordpress.com/releases/tag/v2.3.1,0,0.5587219096845594,1,0,0,0,0,0,3,0,wordpress.com,wordpress.com,com,41.0,13.0,0.0,0.0,1.0,0.0,0.21951219512195122,0.07317073170731707,0.0,0.0,0.0,0.0,20.0,0.0,0.2222222222222222
https://www.gov.uk/,0,0.6861579367994753,1,0,0,0,0,0,0,0,www.gov.uk,www.gov.uk,uk,19.0,10.0,0.0,0.0,1.0,0.0,0.3157894736842105,0.0,0.0,0.0,0.0,0.0,1.0,0.0,0.0
https://gov.uk/profile,0,0.5752357104457817,1,0,0,0,0,0,1,0,gov.uk,gov.uk,uk,22.0,6.0,0.0,0.0,1.0,0.0,0.22727272727272727,0.0,0.0,0.0,0.0,0.0,8.0,0.0,0.3333333333333333
https://americanexpress.com/docs/api,0,0.4981880950298712,1,0,0,0,0,0,2,0,americanexpress.com,americanexpress.com,com,36.0,19.0,0.0,0.0,1.0,0.0,0.16666666666666666,0.0,0.0,0.0,0.0,0.0,9.0,0.0,0.4
https://nytimes.com/,0,0.563086519118168,1,0,0,0,0,0,0,0,nytimes.com,nytimes.com,com,20.0,11.0,0.0,0.0,1.0,0.0,0.25,0.0,0.0,0.0,0.0,0.0,1.0,0.0,0.2857142857142857
https://nih.gov/api/v1/users,0,0.5713209986230418,1,0,0,0,0,0,3,0,nih.gov,nih.gov,gov,28.0,7.0,0.0,0.0,1.0,0.0,0.25,0.03571428571428571,0.0,0.0,0.0,0.0,13.0,0.0,0.3333333333333333
https://harvard.edu/order/confirmation/778213,0,0.4633662514169785,1,0,0,1,0,0,3,0,harvard.edu,harvard.edu,edu,45.0,11.0,0.0,0.0,1.0,0.0,0.15555555555555556,0.13333333333333333,0.0,0.0,0.0,0.0,26.0,0.0,0.2857142857142857
https://arstechnica.com/technology,0,0.46084852949383415,1,0,0,0,0,0,1,0,arstechnica.com,arstechnica.com,com,34.0,15.0,0.0,0.0,1.0,0.0,0.14705882352941177,0.0,0.0,0.0,0.0,0.0,11.0,0.0,0.36363636363636365
https://lyft.com/docs,0,0.5175041217108778,1,0,0,0,0,0,1,0,lyft.com,lyft.com,com,21.0,8.0,0.0,0.0,1.0,0.0,0.23809523809523808,0.0,0.0,0.0,0.0,0.0,5.0,0.0,0.0
https://bitbucket.org/item/98213,0,0.4802859579199385,1,0,0,0,0,0,2,0,bitbucket.org,bitbucket.org,org,32.0,13.0,0.0,0.0,1.0,0.0,0.1875,0.15625,0.0,0.0,0.0,0.0,11.0,0.0,0.3333333333333333
https://uber.com/,0,0.5604825212943847,1,0,0,0,0,0,0,0,uber.com,uber.com,com,17.0,8.0,0.0,0.0,1.0,0.0,0.29411764705882354,0.0,0.0,0.0,0.0,0.0,1.0,0.0,0.5
https://salesforce.com/pull/2031,0,0.49290872446203515,1,0,0,0,0,0,2,0,salesforce.com,salesforce.com,com,32.0,14.0,0.0,0.0,1.0,0.0,0.1875,0.125,0.0,0.0,0.0,0.0,10.0,0.0,0.4
https://mit.edu/,0,0.4900569581350956,1,0,0,0,0,0,0,0,mit.edu,mit.edu,edu,16.0,7.0,0.0,0.0,1.0,0.0,0.3125,0.0,0.0,0.0,0.0,0.0,1.0,0.0,0.3333333333333333
https://usa.gov/,0,0.5045639368804172,1,0,0,0,0,0,0,0,usa.gov,usa.gov,gov,16.0,7.0,0.0,0.0,1.0,0.0,0.3125,0.0,0.0,0.0,0.0,0.0,1.0,0.0,0.6666666666666666
https://coursera.org/pull/2031,0,0.4949096247749097,1,0,0,0,0,0,2,0,coursera.org,coursera.org,org,30.0,12.0,0.0,0.0,1.0,0.0,0.2,0.13333333333333333,0.0,0.0,0.0,0.0,10.0,0.0,0.5
http://store.steampowered.com/features,0,0.9716339534525271,1,0,0,0,0,0,1,0,steampowered.com,store.steampowered.com,com,38.0,22.0,0.0,1.0,0.0,0.0,0.15789473684210525,0.0,0.0,0.0,0.0,0.0,9.0,0.0,0.4166666666666667
https://www.quora.com/library/3.12,0,0.4565157101835193,1,0,0,0,0,0,2,0,quora.com,www.quora.com,com,34.0,13.0,0.0,1.0,1.0,0.0,0.23529411764705882,0.08823529411764706,0.0,0.0,0.0,0.0,13.0,0.0,0.6
https://steamcommunity.com/issues/1042,0,0.5716930068059386,1,0,0,0,0,0,2,0,steamcommunity.com,steamcommunity.com,com,38.0,18.0,0.0,0.0,1.0,0.0,0.15789473684210525,0.10526315789473684,0.0,0.0,0.0,0.0,12.0,0.0,0.35714285714285715
https://coursera.org/library/3.12,0,0.5558995238170781,1,0,0,0,0,0,2,0,coursera.org,coursera.org,org,33.0,12.0,0.0,0.0,1.0,0.0,0.21212121212121213,0.09090909090909091,0.0,0.0,0.0,0.0,13.0,0.0,0.5
https://nytimes.com/releases/tag/v2.3.1,0,0.5765815322552268,1,0,0,0,0,0,3,0,nytimes.com,nytimes.com,com,39.0,11.0,0.0,0.0,1.0,0.0,0.23076923076923078,0.07692307692307693,0.0,0.0,0.0,0.0,20.0,0.0,0.2857142857142857
https://www.gov.uk/docs/api,0,0.5514843011195449,1,0,0,0,0,0,2,0,www.gov.uk,www.gov.uk,uk,27.0,10.0,0.0,0.0,1.0,0.0,0.25925925925925924,0.0,0.0,0.0,0.0,0.0,9.0,0.0,0.0
https://grubhub.com/api/v2/products?page=2,0,0.5083931750963251,1,1,0,0,0,0,3,1,grubhub.com,grubhub.com,com,42.0,11.0,0.0,0.0,1.0,0.0,0.21428571428571427,0.047619047619047616,0.0,0.0,0.0,0.0,22.0,0.0,0.2857142857142857
https://wsj.com/,0,0.6404912607462345,1,0,0,0,0,0,0,0,wsj.com,wsj.com,com,16.0,7.0,0.0,0.0,1.0,0.0,0.3125,0.0,0.0,0.0,0.0,0.0,1.0,0.0,0.0
https://www.americanexpress.com/releases/tag/v2.3.1,0,0.5283304374274218,1,0,0,0,0,0,3,0,americanexpress.com,www.americanexpress.com,com,51.0,23.0,0.0,1.0,1.0,0.0,0.19607843137254902,0.058823529411764705,0.0,0.0,0.0,0.0,20.0,0.0,0.4
http://www.nvidia.com/settings,0,0.876494079987921,1,0,0,0,0,0,1,0,nvidia.com,www.nvidia.com,com,30.0,14.0,0.0,1.0,0.0,0.0,0.2,0.0,0.0,0.0,0.0,0.0,9.0,0.0,0.5
https://www.gov.uk/playlist?list=PL12345,0,0.4678068289956888,1,1,0,0,0,0,1,1,www.gov.uk,www.gov.uk,uk,40.0,10.0,0.0,0.0,1.0,0.0,0.2,0.125,0.0,0.0,0.0,0.0,21.0,0.0,0.0
https://wired.com/library/3.12,0,0.5345249793692588,1,0,0,0,0,0,2,0,wired.com,wired.com,com,30.0,9.0,0.0,0.0,1.0,0.0,0.23333333333333334,0.1,0.0,0.0,0.0,0.0,13.0,0.0,0.4
https://x.com/careers,0,0.6387585439540516,1,0,0,0,0,0,1,0,x.com,x.com,com,21.0,5.0,0.0,0.0,1.0,0.0,0.23809523809523808,0.0,0.0,0.0,0.0,0.0,8.0,0.0,0.0
https://npr.org/library/3.12,0,0.6423532210621625,1,0,0,0,0,0,2,0,npr.org,npr.org,org,28.0,7.0,0.0,0.0,1.0,0.0,0.25,0.10714285714285714,0.0,0.0,0.0,0.0,13.0,0.0,0.0
http://www.zoom.us/settings,0,0.8221345697135602,1,0,0,0,0,0,1,0,zoom.us,www.zoom.us,us,27.0,11.0,0.0,1.0,0.0,0.0,0.2222222222222222,0.0,0.0,0.0,0.85,0.0,9.0,0.0,0.5
https://khanacademy.org/technology,0,0.46084852949383415,1,0,0,0,0,0,1,0,khanacademy.org,khanacademy.org,org,34.0,15.0,0.0,0.0,1.0,0.0,0.14705882352941177,0.0,0.0,0.0,0.0,0.0,11.0,0.0,0.36363636363636365
https://bestbuy.com/pull/2031,0,0.5736755653655786,1,0,0,0,0,0,2,0,bestbuy.com,bestbuy.com,com,29.0,11.0,0.0,0.0,1.0,0.0,0.20689655172413793,0.13793103448275862,0.0,0.0,0.0,0.0,10.0,0.0,0.2857142857142857
https://wsj.com/api/v1/users,0,0.6447775942743025,1,0,0,0,0,0,3,0,wsj.com,wsj.com,com,28.0,7.0,0.0,0.0,1.0,0.0,0.25,0.03571428571428571,0.0,0.0,0.0,0.0,13.0,0.0,0.0
https://blogger.com/questions/12345/how-to-parse-json,0,0.470035634602845,1,0,0,0,0,0,3,0,blogger.com,blogger.com,com,53.0,11.0,0.0,0.0,1.0,0.0,0.18867924528301888,0.09433962264150944,0.0,0.0,0.0,0.0,34.0,0.0,0.2857142857142857
https://etsy.com/api/v1/users,0,0.5871628696020499,1,0,0,0,0,0,3,0,etsy.com,etsy.com,com,29.0,8.0,0.0,0.0,1.0,0.0,0.2413793103448276,0.034482758620689655,0.0,0.0,0.0,0.0,13.0,0.0,0.25
https://target.com/item/98213,0,0.5861391330103551,1,0,0,0,0,0,2,0,target.com,target.com,com,29.0,10.0,0.0,0.0,1.0,0.0,0.20689655172413793,0.1724137931034483,0.0,0.0,0.0,0.0,11.0,0.0,0.3333333333333333
https://steamcommunity.com/docs/api,0,0.5102926338688026,1,0,0,0,0,0,2,0,steamcommunity.com,steamcommunity.com,com,35.0,18.0,0.0,0.0,1.0,0.0,0.17142857142857143,0.0,0.0,0.0,0.0,0.0,9.0,0.0,0.35714285714285715
https://wellsfargo.com/api/v1/users,0,0.5634540402993206,1,0,0,0,0,0,3,0,wellsfargo.com,wellsfargo.com,com,35.0,14.0,0.0,0.0,1.0,0.0,0.2,0.02857142857142857,0.0,0.0,0.0,0.0,13.0,0.0,0.3
https://kubernetes.io/watch?v=dQw4w9WgXcQ,0,0.4935095280793676,1,1,0,0,0,0,1,1,kubernetes.io,kubernetes.io,io,41.0,13.0,0.0,0.0,1.0,0.0,0.17073170731707318,0.04878048780487805,0.0,0.0,0.0,0.0,19.0,0.0,0.4
https://doordash.com/api/v2/products?page=2,0,0.47236303089395754,1,1,0,0,0,0,3,1,doordash.com,doordash.com,com,43.0,12.0,0.0,0.0,1.0,0.0,0.20930232558139536,0.046511627906976744,0.0,0.0,0.0,0.0,22.0,0.0,0.375
https://cdc.gov/sports,0,0.5072296093983517,1,0,0,0,0,0,1,0,cdc.gov,cdc.gov,gov,22.0,7.0,0.0,0.0,1.0,0.0,0.22727272727272727,0.0,0.0,0.0,0.0,0.0,7.0,0.0,0.0
http://mit.edu/technology,0,0.8967051451470546,1,0,0,0,0,0,1,0,mit.edu,mit.edu,edu,25.0,7.0,0.0,0.0,0.0,0.0,0.2,0.0,0.0,0.0,0.0,0.0,11.0,0.0,0.3333333333333333
http://usa.gov/business,0,0.8516795418648814,1,0,0,0,0,0,1,0,usa.gov,usa.gov,gov,23.0,7.0,0.0,0.0,0.0,0.0,0.21739130434782608,0.0,0.0,0.0,0.0,0.0,9.0,0.0,0.6666666666666666
https://steamcommunity.com/search,0,0.4765124703153167,1,0,0,0,0,0,1,0,steamcommunity.com,steamcommunity.com,com,33.0,18.0,0.0,0.0,1.0,0.0,0.15151515151515152,0.0,0.0,0.0,0.0,0.0,7.0,0.0,0.35714285714285715
https://twitch.tv/playlist?list=PL12345,0,0.4950360776811065,1,1,0,0,0,0,1,1,twitch.tv,twitch.tv,tv,39.0,9.0,0.0,0.0,1.0,0.0,0.1794871794871795,0.1282051282051282,0.0,0.0,0.0,0.0,21.0,0.0,0.16666666666666666
https://techcrunch.com/,0,0.5169724096462157,1,0,0,0,0,0,0,0,techcrunch.com,techcrunch.com,com,23.0,14.0,0.0,0.0,1.0,0.0,0.21739130434782608,0.0,0.0,0.0,0.0,0.0,1.0,0.0,0.2
https://epicgames.com/item/98213,0,0.5321112978149529,1,0,0,0,0,0,2,0,epicgames.com,epicgames.com,com,32.0,13.0,0.0,0.0,1.0,0.0,0.1875,0.15625,0.0,0.0,0.0,0.0,11.0,0.0,0.4444444444444444
https://gov.uk/sports,0,0.5791597932857839,1,0,0,0,0,0,1,0,gov.uk,gov.uk,uk,21.0,6.0,0.0,0.0,1.0,0.0,0.23809523809523808,0.0,0.0,0.0,0.0,0.0,7.0,0.0,0.3333333333333333
https://harvard.edu/wiki,0,0.4605268114315508,1,0,0,0,0,0,1,0,harvard.edu,harvard.edu,edu,24.0,11.0,0.0,0.0,1.0,0.0,0.20833333333333334,0.0,0.0,0.0,0.0,0.0,5.0,0.0,0.2857142857142857
http://berkeley.edu/api/v1/users,0,0.9728587483395519,1,0,0,0,0,0,3,0,berkeley.edu,berkeley.edu,edu,32.0,12.0,0.0,0.0,0.0,0.0,0.21875,0.03125,0.0,0.0,0.0,0.0,13.0,0.0,0.375
http://americanexpress.com/science,0,0.9492031244081165,1,0,0,0,0,0,1,0,americanexpress.com,americanexpress.com,com,34.0,19.0,0.0,0.0,0.0,0.0,0.14705882352941177,0.0,0.0,0.0,0.0,0.0,8.0,0.0,0.4
https://npmjs.com/forum,0,0.4768634041486413,1,0,0,0,0,0,1,0,npmjs.com,npmjs.com,com,23.0,9.0,0.0,0.0,1.0,0.0,0.21739130434782608,0.0,0.0,0.0,0.0,0.0,6.0,0.0,0.0
http://steamcommunity.com/login,0,0.4897379136935257,1,0,1,0,0,0,1,0,steamcommunity.com,steamcommunity.com,com,31.0,18.0,0.0,0.0,0.0,1.0,0.16129032258064516,0.0,0.0,0.0,0.0,0.0,6.0,0.0,0.35714285714285715
http://www.irs.gov/community,0,0.8163355793469895,1,0,0,0,0,0,1,0,irs.gov,www.irs.gov,gov,28.0,11.0,0.0,1.0,0.0,0.0,0.21428571428571427,0.0,0.0,0.0,0.0,0.0,10.0,0.0,0.3333333333333333
https://npmjs.com/docs/getting-started,0,0.4600252119357922,1,0,0,0,0,0,2,0,npmjs.com,npmjs.com,com,38.0,9.0,0.0,0.0,1.0,0.0,0.18421052631578946,0.0,0.0,0.0,0.0,0.0,21.0,0.0,0.0
https://nytimes.com,0,0.506886546880546,1,0,0,0,0,0,0,0,nytimes.com,nytimes.com,com,19.0,11.0,0.0,0.0,1.0,0.0,0.21052631578947367,0.0,0.0,0.0,0.0,0.0,0.0,0.0,0.2857142857142857
https://pypi.org/wiki,0,0.47437963390518323,1,0,0,0,0,0,1,0,pypi.org,pypi.org,org,21.0,8.0,0.0,0.0,1.0,0.0,0.23809523809523808,0.0,0.0,0.0,0.0,0.0,5.0,0.0,0.25
https://cloudflare.com/issues/1042,0,0.4955590679008021,1,0,0,0,0,0,2,0,cloudflare.com,cloudflare.com,com,34.0,14.0,0.0,0.0,1.0,0.0,0.17647058823529413,0.11764705882352941,0.0,0.0,0.0,0.0,12.0,0.0,0.4
https://etsy.com/item/98213,0,0.6402885286253399,1,0,0,0,0,0,2,0,etsy.com,etsy.com,com,27.0,8.0,0.0,0.0,1.0,0.0,0.2222222222222222,0.18518518518518517,0.0,0.0,0.0,0.0,11.0,0.0,0.25
https://x.com/item/98213,0,0.8157429306833486,1,0,0,0,0,0,2,0,x.com,x.com,com,24.0,5.0,0.0,0.0,1.0,0.0,0.25,0.20833333333333334,0.0,0.0,0.0,0.0,11.0,0.0,0.0
http://udemy.com/releases/tag/v2.3.1,0,0.9294487745197794,1,0,0,0,0,0,3,0,udemy.com,udemy.com,com,36.0,9.0,0.0,0.0,0.0,0.0,0.25,0.08333333333333333,0.0,0.0,0.0,0.0,20.0,0.0,0.4
https://twitch.tv/issues/1042,0,0.6720942529567486,1,0,0,0,0,0,2,0,twitch.tv,twitch.tv,tv,29.0,9.0,0.0,0.0,1.0,0.0,0.20689655172413793,0.13793103448275862,0.0,0.0,0.0,0.0,12.0,0.0,0.16666666666666666
https://atlassian.com/api/v2/products?page=2,0,0.48865065630772914,1,1,0,0,0,0,3,1,atlassian.com,atlassian.com,com,44.0,13.0,0.0,0.0,1.0,0.0,0.20454545454545456,0.045454545454545456,0.0,0.0,0.0,0.0,22.0,0.0,0.4444444444444444
https://khanacademy.org/search?q=python+tutorial,0,0.4800622744817907,1,1,0,0,0,0,1,1,khanacademy.org,khanacademy.org,org,48.0,15.0,0.0,0.0,1.0,0.0,0.16666666666666666,0.0,0.0,0.0,0.0,0.0,24.0,0.0,0.36363636363636365
https://nytimes.com/issues/1042,0,0.5337757192163002,1,0,0,0,0,0,2,0,nytimes.com,nytimes.com,com,31.0,11.0,0.0,0.0,1.0,0.0,0.1935483870967742,0.12903225806451613,0.0,0.0,0.0,0.0,12.0,0.0,0.2857142857142857
https://berkeley.edu/releases/tag/v2.3.1,0,0.5254325630896053,1,0,0,0,0,0,3,0,berkeley.edu,berkeley.edu,edu,40.0,12.0,0.0,0.0,1.0,0.0,0.225,0.075,0.0,0.0,0.0,0.0,20.0,0.0,0.375
https://cdc.gov/issues/1042,0,0.6604121657117428,1,0,0,0,0,0,2,0,cdc.gov,cdc.gov,gov,27.0,7.0,0.0,0.0,1.0,0.0,0.2222222222222222,0.14814814814814814,0.0,0.0,0.0,0.0,12.0,0.0,0.0
https://cloudflare.com/library/3.12,0,0.5705494649721643,1,0,0,0,0,0,2,0,cloudflare.com,cloudflare.com,com,35.0,14.0,0.0,0.0,1.0,0.0,0.2,0.08571428571428572,0.0,0.0,0.0,0.0,13.0,0.0,0.4
https://gov.uk/tree/main/src,0,0.5644527888282408,1,0,0,0,0,0,3,0,gov.uk,gov.uk,uk,28.0,6.0,0.0,0.0,1.0,0.0,0.25,0.0,0.0,0.0,0.0,0.0,14.0,0.0,0.3333333333333333
https://www.gov.uk/health,0,0.5105112900268914,1,0,0,0,0,0,1,0,www.gov.uk,www.gov.uk,uk,25.0,10.0,0.0,0.0,1.0,0.0,0.24,0.0,0.0,0.0,0.0,0.0,7.0,0.0,0.0
https://pypi.org/products/electronics,0,0.4717686159928924,1,0,0,0,0,0,2,0,pypi.org,pypi.org,org,37.0,8.0,0.0,0.0,1.0,0.0,0.16216216216216217,0.0,0.0,0.0,0.0,0.0,21.0,0.0,0.25
https://wordpress.com/order/confirmation/778213,0,0.47735631060072425,1,0,0,1,0,0,3,0,wordpress.com,wordpress.com,com,47.0,13.0,0.0,0.0,1.0,0.0,0.14893617021276595,0.1276595744680851,0.0,0.0,0.0,0.0,26.0,0.0,0.2222222222222222
https://twitch.tv/dashboard,0,0.5059049572779968,1,0,0,0,0,0,1,0,twitch.tv,twitch.tv,tv,27.0,9.0,0.0,0.0,1.0,0.0,0.18518518518518517,0.0,0.0,0.0,0.0,0.0,10.0,0.0,0.16666666666666666
http://www.theguardian.com/api/v2/products?page=2,0,0.9838891346013071,1,1,0,0,0,0,3,1,theguardian.com,www.theguardian.com,com,49.0,19.0,0.0,1.0,0.0,0.0,0.20408163265306123,0.04081632653061224,0.0,0.0,0.0,0.0,22.0,0.0,0.45454545454545453
https://ibm.com/watch?v=dQw4w9WgXcQ,0,0.5213942154846378,1,1,0,0,0,0,1,1,ibm.com,ibm.com,com,35.0,7.0,0.0,0.0,1.0,0.0,0.2,0.05714285714285714,0.0,0.0,0.0,0.0,19.0,0.0,0.3333333333333333
https://pypi.org/checkout,0,0.4578695064179462,1,0,0,1,0,0,1,0,pypi.org,pypi.org,org,25.0,8.0,0.0,0.0,1.0,0.0,0.2,0.0,0.0,0.0,0.0,0.0,9.0,0.0,0.25
https://steamcommunity.com/features,0,0.5097601902163181,1,0,0,0,0,0,1,0,steamcommunity.com,steamcommunity.com,com,35.0,18.0,0.0,0.0,1.0,0.0,0.14285714285714285,0.0,0.0,0.0,0.0,0.0,9.0,0.0,0.35714285714285715
https://techcrunch.com/api/v1/users,0,0.5655868178230378,1,0,0,0,0,0,3,0,techcrunch.com,techcrunch.com,com,35.0,14.0,0.0,0.0,1.0,0.0,0.2,0.02857142857142857,0.0,0.0,0.0,0.0,13.0,0.0,0.2
http://www.theguardian.com/docs,0,0.9904270037466153,1,0,0,0,0,0,1,0,theguardian.com,www.theguardian.com,com,31.0,19.0,0.0,1.0,0.0,0.0,0.1935483870967742,0.0,0.0,0.0,0.0,0.0,5.0,0.0,0.45454545454545453
https://irs.gov/watch?v=dQw4w9WgXcQ,0,0.5213942154846378,1,1,0,0,0,0,1,1,irs.gov,irs.gov,gov,35.0,7.0,0.0,0.0,1.0,0.0,0.2,0.05714285714285714,0.0,0.0,0.0,0.0,19.0,0.0,0.3333333333333333
https://wsj.com/wiki,0,0.573918649147868,1,0,0,0,0,0,1,0,wsj.com,wsj.com,com,20.0,7.0,0.0,0.0,1.0,0.0,0.25,0.0,0.0,0.0,0.0,0.0,5.0,0.0,0.0
http://www.pinterest.com/world,0,0.9716768437130126,1,0,0,0,0,0,1,0,pinterest.com,www.pinterest.com,com,30.0,17.0,0.0,1.0,0.0,0.0,0.2,0.0,0.0,0.0,0.0,0.0,6.0,0.0,0.3333333333333333
https://nvidia.com/issues/1042,0,0.5042050203577277,1,0,0,0,0,0,2,0,nvidia.com,nvidia.com,com,30.0,10.0,0.0,0.0,1.0,0.0,0.2,0.13333333333333333,0.0,0.0,0.0,0.0,12.0,0.0,0.5
https://www.doordash.com/api/v1/users,0,0.4796919601779342,1,0,0,0,0,0,3,0,doordash.com,www.doordash.com,com,37.0,16.0,0.0,1.0,1.0,0.0,0.21621621621621623,0.02702702702702703,0.0,0.0,0.0,0.0,13.0,0.0,0.375
https://x.com/sports,0,0.6601896200014812,1,0,0,0,0,0,1,0,x.com,x.com,com,20.0,5.0,0.0,0.0,1.0,0.0,0.25,0.0,0.0,0.0,0.0,0.0,7.0,0.0,0.0
https://edx.org/watch?v=dQw4w9WgXcQ,0,0.5213942154846378,1,1,0,0,0,0,1,1,edx.org,edx.org,org,35.0,7.0,0.0,0.0,1.0,0.0,0.2,0.05714285714285714,0.0,0.0,0.0,0.0,19.0,0.0,0.3333333333333333
http://twitch.tv/health,0,0.9267947909360427,1,0,0,0,0,0,1,0,twitch.tv,twitch.tv,tv,23.0,9.0,0.0,0.0,0.0,0.0,0.21739130434782608,0.0,0.0,0.0,0.0,0.0,7.0,0.0,0.16666666666666666
https://irs.gov/news,0,0.49217644869794663,1,0,0,0,0,0,1,0,irs.gov,irs.gov,gov,20.0,7.0,0.0,0.0,1.0,0.0,0.25,0.0,0.0,0.0,0.0,0.0,5.0,0.0,0.3333333333333333
https://techcrunch.com/en-us/docs/Web/JavaScript,0,0.46424861387943767,1,0,0,0,0,0,4,0,techcrunch.com,techcrunch.com,com,48.0,14.0,0.0,0.0,1.0,0.0,0.1875,0.0,0.0,0.0,0.0,0.0,26.0,0.0,0.2
https://x.com/news/technology,0,0.6298001735123202,1,0,0,0,0,0,2,0,x.com,x.com,com,29.0,5.0,0.0,0.0,1.0,0.0,0.20689655172413793,0.0,0.0,0.0,0.0,0.0,16.0,0.0,0.0
https://www.gov.uk/wiki,0,0.6017407293862238,1,0,0,0,0,0,1,0,www.gov.uk,www.gov.uk,uk,23.0,10.0,0.0,0.0,1.0,0.0,0.2608695652173913,0.0,0.0,0.0,0.0,0.0,5.0,0.0,0.0
https://cdc.gov/forum,0,0.5279607317067588,1,0,0,0,0,0,1,0,cdc.gov,cdc.gov,gov,21.0,7.0,0.0,0.0,1.0,0.0,0.23809523809523808,0.0,0.0,0.0,0.0,0.0,6.0,0.0,0.0
https://doordash.com/issues/1042,0,0.4785945478816217,1,0,0,0,0,0,2,0,doordash.com,doordash.com,com,32.0,12.0,0.0,0.0,1.0,0.0,0.1875,0.125,0.0,0.0,0.0,0.0,12.0,0.0,0.375
https://www.notion.so/questions/12345/how-to-parse-json,0,0.4583271408523408,1,0,0,0,0,0,3,0,notion.so,www.notion.so,so,55.0,13.0,0.0,1.0,1.0,0.0,0.2,0.09090909090909091,0.0,0.0,0.0,0.0,34.0,0.0,0.5
https://irs.gov/api/v2/products?page=2,0,0.5153156672414723,1,1,0,0,0,0,3,1,irs.gov,irs.gov,gov,38.0,7.0,0.0,0.0,1.0,0.0,0.23684210526315788,0.05263157894736842,0.0,0.0,0.0,0.0,22.0,0.0,0.3333333333333333
https://mit.edu/tree/main/src,0,0.45857303925154247,1,0,0,0,0,0,3,0,mit.edu,mit.edu,edu,29.0,7.0,0.0,0.0,1.0,0.0,0.2413793103448276,0.0,0.0,0.0,0.0,0.0,14.0,0.0,0.3333333333333333
https://irs.gov/blog,0,0.49217644869794663,1,0,0,0,0,0,1,0,irs.gov,irs.gov,gov,20.0,7.0,0.0,0.0,1.0,0.0,0.25,0.0,0.0,0.0,0.0,0.0,5.0,0.0,0.3333333333333333
https://steamcommunity.com/help,0,0.4621147097159922,1,0,0,0,0,0,1,0,steamcommunity.com,steamcommunity.com,com,31.0,18.0,0.0,0.0,1.0,0.0,0.16129032258064516,0.0,0.0,0.0,0.0,0.0,5.0,0.0,0.35714285714285715
https://wsj.com/blog/2025/new-features,0,0.5282221607063471,1,0,0,0,0,0,3,0,wsj.com,wsj.com,com,38.0,7.0,0.0,0.0,1.0,0.0,0.21052631578947367,0.10526315789473684,0.0,0.0,0.0,0.0,23.0,0.0,0.0
http://www.wsj.com/privacy,0,0.8326125172104426,1,0,0,0,0,0,1,0,wsj.com,www.wsj.com,com,26.0,11.0,0.0,1.0,0.0,0.0,0.23076923076923078,0.0,0.0,0.0,0.0,0.0,8.0,0.0,0.0
https://docs.python.org/item/98213,0,0.46773798110286463,1,0,0,0,0,0,2,0,python.org,docs.python.org,org,34.0,15.0,0.0,1.0,1.0,0.0,0.20588235294117646,0.14705882352941177,0.0,0.0,0.0,0.0,11.0,0.0,0.16666666666666666
http://www.who.int/community,0,0.8163355793469895,1,0,0,0,0,0,1,0,who.int,www.who.int,int,28.0,11.0,0.0,1.0,0.0,0.0,0.21428571428571427,0.0,0.0,0.0,0.0,0.0,10.0,0.0,0.3333333333333333
https://lyft.com/watch?v=dQw4w9WgXcQ,0,0.5771781794731992,1,1,0,0,0,0,1,1,lyft.com,lyft.com,com,36.0,8.0,0.0,0.0,1.0,0.0,0.19444444444444445,0.05555555555555555,0.0,0.0,0.0,0.0,19.0,0.0,0.0
https://epicgames.com/releases/tag/v2.3.1,0,0.5569654785119226,1,0,0,0,0,0,3,0,epicgames.com,epicgames.com,com,41.0,13.0,0.0,0.0,1.0,0.0,0.21951219512195122,0.07317073170731707,0.0,0.0,0.0,0.0,20.0,0.0,0.4444444444444444
https://harvard.edu/docs,0,0.4605268114315508,1,0,0,0,0,0,1,0,harvard.edu,harvard.edu,edu,24.0,11.0,0.0,0.0,1.0,0.0,0.20833333333333334,0.0,0.0,0.0,0.0,0.0,5.0,0.0,0.2857142857142857
https://wordpress.com/,0,0.5732383812508364,1,0,0,0,0,0,0,0,wordpress.com,wordpress.com,com,22.0,13.0,0.0,0.0,1.0,0.0,0.22727272727272727,0.0,0.0,0.0,0.0,0.0,1.0,0.0,0.2222222222222222
https://www.gov.uk/contact,0,0.49918710991519816,1,0,0,0,0,0,1,0,www.gov.uk,www.gov.uk,uk,26.0,10.0,0.0,0.0,1.0,0.0,0.23076923076923078,0.0,0.0,0.0,0.0,0.0,8.0,0.0,0.0
https://bloomberg.com/en-us/docs/Web/JavaScript,0,0.47059759651808725,1,0,0,0,0,0,4,0,bloomberg.com,bloomberg.com,com,47.0,13.0,0.0,0.0,1.0,0.0,0.19148936170212766,0.0,0.0,0.0,0.0,0.0,26.0,0.0,0.3333333333333333
https://irs.gov/api/v1/users,0,0.5713209986230418,1,0,0,0,0,0,3,0,irs.gov,irs.gov,gov,28.0,7.0,0.0,0.0,1.0,0.0,0.25,0.03571428571428571,0.0,0.0,0.0,0.0,13.0,0.0,0.3333333333333333
http://www.github.com/blog,0,0.46127384977206026,1,0,0,0,0,0,1,0,github.com,www.github.com,com,26.0,14.0,0.0,1.0,0.0,0.0,0.23076923076923078,0.0,0.0,0.0,0.0,0.0,5.0,1.0,0.3333333333333333
http://store.steampowered.com/signin,0,0.6932083147502442,1,0,1,0,0,0,1,0,steampowered.com,store.steampowered.com,com,36.0,22.0,0.0,1.0,0.0,1.0,0.16666666666666666,0.0,0.0,0.0,0.0,0.0,7.0,0.0,0.4166666666666667
https://irs.gov/help,0,0.49217644869794663,1,0,0,0,0,0,1,0,irs.gov,irs.gov,gov,20.0,7.0,0.0,0.0,1.0,0.0,0.25,0.0,0.0,0.0,0.0,0.0,5.0,0.0,0.3333333333333333
https://hsbc.com/business,0,0.45499957515555184,1,0,0,0,0,0,1,0,hsbc.com,hsbc.com,com,25.0,8.0,0.0,0.0,1.0,0.0,0.2,0.0,0.0,0.0,0.0,0.0,9.0,0.0,0.0
https://atlassian.com/api/v1/users,0,0.5413366699004339,1,0,0,0,0,0,3,0,atlassian.com,atlassian.com,com,34.0,13.0,0.0,0.0,1.0,0.0,0.20588235294117646,0.029411764705882353,0.0,0.0,0.0,0.0,13.0,0.0,0.4444444444444444
https://etsy.com/world,0,0.4711117971221886,1,0,0,0,0,0,1,0,etsy.com,etsy.com,com,22.0,8.0,0.0,0.0,1.0,0.0,0.22727272727272727,0.0,0.0,0.0,0.0,0.0,6.0,0.0,0.25
http://booking.com/dashboard,0,0.905395940801605,1,0,0,0,0,0,1,0,booking.com,booking.com,com,28.0,11.0,0.0,0.0,0.0,0.0,0.17857142857142858,0.0,0.0,0.0,0.0,0.0,10.0,0.0,0.42857142857142855
https://www.coursera.org/library/3.12,0,0.45378578923411605,1,0,0,0,0,0,2,0,coursera.org,www.coursera.org,org,37.0,16.0,0.0,1.0,1.0,0.0,0.21621621621621623,0.08108108108108109,0.0,0.0,0.0,0.0,13.0,0.0,0.5
https://lyft.com/terms,0,0.48695765900483845,1,0,0,0,0,0,1,0,lyft.com,lyft.com,com,22.0,8.0,0.0,0.0,1.0,0.0,0.22727272727272727,0.0,0.0,0.0,0.0,0.0,6.0,0.0,0.0
https://shopify.com/wiki/Main_Page,0,0.4688946063061281,1,0,0,0,0,0,2,0,shopify.com,shopify.com,com,34.0,11.0,0.0,0.0,1.0,0.0,0.20588235294117646,0.0,0.0,0.0,0.0,0.0,15.0,0.0,0.2857142857142857
https://who.int/item/98213,0,0.6409429177483188,1,0,0,0,0,0,2,0,who.int,who.int,int,26.0,7.0,0.0,0.0,1.0,0.0,0.23076923076923078,0.19230769230769232,0.0,0.0,0.0,0.0,11.0,0.0,0.3333333333333333
https://epicgames.com/features/security,0,0.45685314274472544,1,0,1,0,0,0,2,0,epicgames.com,epicgames.com,com,39.0,13.0,0.0,0.0,1.0,0.0,0.15384615384615385,0.0,0.0,0.0,0.0,0.0,18.0,0.0,0.4444444444444444
https://slack.com/wiki,0,0.5176689697828886,1,0,0,0,0,0,1,0,slack.com,slack.com,com,22.0,9.0,0.0,0.0,1.0,0.0,0.22727272727272727,0.0,0.0,0.0,0.0,0.0,5.0,0.0,0.2
http://www.usa.gov/signin,0,0.47699972474102603,1,0,1,0,0,0,1,0,usa.gov,www.usa.gov,gov,25.0,11.0,0.0,1.0,0.0,1.0,0.24,0.0,0.0,0.0,0.0,0.0,7.0,0.0,0.6666666666666666
https://wsj.com/en-us/docs/Web/JavaScript,0,0.526586260376941,1,0,0,0,0,0,4,0,wsj.com,wsj.com,com,41.0,7.0,0.0,0.0,1.0,0.0,0.21951219512195122,0.0,0.0,0.0,0.0,0.0,26.0,0.0,0.0
https://target.com/api/v2/products?page=2,0,0.4673939206884491,1,1,0,0,0,0,3,1,target.com,target.com,com,41.0,10.0,0.0,0.0,1.0,0.0,0.21951219512195122,0.04878048780487805,0.0,0.0,0.0,0.0,22.0,0.0,0.3333333333333333
https://npmjs.com/health,0,0.46232693466564445,1,0,0,0,0,0,1,0,npmjs.com,npmjs.com,com,24.0,9.0,0.0,0.0,1.0,0.0,0.20833333333333334,0.0,0.0,0.0,0.0,0.0,7.0,0.0,0.0
https://wellsfargo.com/products/electronics,0,0.4609221997085089,1,0,0,0,0,0,2,0,wellsfargo.com,wellsfargo.com,com,43.0,14.0,0.0,0.0,1.0,0.0,0.13953488372093023,0.0,0.0,0.0,0.0,0.0,21.0,0.0,0.3
https://cdc.gov/questions/12345/how-to-parse-json,0,0.5663965944504608,1,0,0,0,0,0,3,0,cdc.gov,cdc.gov,gov,49.0,7.0,0.0,0.0,1.0,0.0,0.20408163265306123,0.10204081632653061,0.0,0.0,0.0,0.0,34.0,0.0,0.0
https://slack.com/search,0,0.49210749144341454,1,0,0,0,0,0,1,0,slack.com,slack.com,com,24.0,9.0,0.0,0.0,1.0,0.0,0.20833333333333334,0.0,0.0,0.0,0.0,0.0,7.0,0.0,0.2
https://gov.uk/api/v1/users,0,0.659925310820727,1,0,0,0,0,0,3,0,gov.uk,gov.uk,uk,27.0,6.0,0.0,0.0,1.0,0.0,0.25925925925925924,0.037037037037037035,0.0,0.0,0.0,0.0,13.0,0.0,0.3333333333333333
http://www.oracle.com/news/technology,0,0.9210169142115736,1,0,0,0,0,0,2,0,oracle.com,www.oracle.com,com,37.0,14.0,0.0,1.0,0.0,0.0,0.1891891891891892,0.0,0.0,0.0,0.0,0.0,16.0,0.0,0.5
https://x.com/blog/2025/new-features,0,0.6531704156961238,1,0,0,0,0,0,3,0,x.com,x.com,com,36.0,5.0,0.0,0.0,1.0,0.0,0.2222222222222222,0.1111111111111111,0.0,0.0,0.0,0.0,23.0,0.0,0.0
https://www.gov.uk/terms,0,0.5051820241423208,1,0,0,0,0,0,1,0,www.gov.uk,www.gov.uk,uk,24.0,10.0,0.0,0.0,1.0,0.0,0.25,0.0,0.0,0.0,0.0,0.0,6.0,0.0,0.0
https://pinterest.com/questions/12345/how-to-parse-json,0,0.46218311416784924,1,0,0,0,0,0,3,0,pinterest.com,pinterest.com,com,55.0,13.0,0.0,0.0,1.0,0.0,0.18181818181818182,0.09090909090909091,0.0,0.0,0.0,0.0,34.0,0.0,0.3333333333333333
https://booking.com/item/98213,0,0.5293533181314325,1,0,0,0,0,0,2,0,booking.com,booking.com,com,30.0,11.0,0.0,0.0,1.0,0.0,0.2,0.16666666666666666,0.0,0.0,0.0,0.0,11.0,0.0,0.42857142857142855
https://nytimes.com/wiki,0,0.4605268114315508,1,0,0,0,0,0,1,0,nytimes.com,nytimes.com,com,24.0,11.0,0.0,0.0,1.0,0.0,0.20833333333333334,0.0,0.0,0.0,0.0,0.0,5.0,0.0,0.2857142857142857
http://www.shopify.com/watch?v=dQw4w9WgXcQ,0,0.9892790530705652,1,1,0,0,0,0,1,1,shopify.com,www.shopify.com,com,42.0,15.0,0.0,1.0,0.0,0.0,0.19047619047619047,0.047619047619047616,0.0,0.0,0.0,0.0,19.0,0.0,0.2857142857142857
https://www.intel.com/item/98213,0,0.46763526688956025,1,0,0,0,0,0,2,0,intel.com,www.intel.com,com,32.0,13.0,0.0,1.0,1.0,0.0,0.21875,0.15625,0.0,0.0,0.0,0.0,11.0,0.0,0.4
https://grubhub.com/products/electronics,0,0.45386500191054885,1,0,0,0,0,0,2,0,grubhub.com,grubhub.com,com,40.0,11.0,0.0,0.0,1.0,0.0,0.15,0.0,0.0,0.0,0.0,0.0,21.0,0.0,0.2857142857142857
https://doordash.com/library/3.12,0,0.5646620440590256,1,0,0,0,0,0,2,0,doordash.com,doordash.com,com,33.0,12.0,0.0,0.0,1.0,0.0,0.21212121212121213,0.09090909090909091,0.0,0.0,0.0,0.0,13.0,0.0,0.375
https://www.doordash.com/item/98213,0,0.4595109084863487,1,0,0,0,0,0,2,0,doordash.com,www.doordash.com,com,35.0,16.0,0.0,1.0,1.0,0.0,0.2,0.14285714285714285,0.0,0.0,0.0,0.0,11.0,0.0,0.375
https://wsj.com/pricing,0,0.49329578746424946,1,0,0,0,0,0,1,0,wsj.com,wsj.com,com,23.0,7.0,0.0,0.0,1.0,0.0,0.21739130434782608,0.0,0.0,0.0,0.0,0.0,8.0,0.0,0.0
https://www.slack.com/item/98213,0,0.48259208796177616,1,0,0,0,0,0,2,0,slack.com,www.slack.com,com,32.0,13.0,0.0,1.0,1.0,0.0,0.21875,0.15625,0.0,0.0,0.0,0.0,11.0,0.0,0.2
https://pypi.org/terms,0,0.4711117971221886,1,0,0,0,0,0,1,0,pypi.org,pypi.org,org,22.0,8.0,0.0,0.0,1.0,0.0,0.22727272727272727,0.0,0.0,0.0,0.0,0.0,6.0,0.0,0.25
https://wsj.com/wiki/Main_Page,0,0.5097391765524473,1,0,0,0,0,0,2,0,wsj.com,wsj.com,com,30.0,7.0,0.0,0.0,1.0,0.0,0.23333333333333334,0.0,0.0,0.0,0.0,0.0,15.0,0.0,0.0
https://theguardian.com/user/johndoe,0,0.4533607361159178,1,0,0,0,0,0,2,0,theguardian.com,theguardian.com,com,36.0,15.0,0.0,0.0,1.0,0.0,0.16666666666666666,0.0,0.0,0.0,0.0,0.0,13.0,0.0,0.45454545454545453
https://usa.gov/item/98213,0,0.5522203471389443,1,0,0,0,0,0,2,0,usa.gov,usa.gov,gov,26.0,7.0,0.0,0.0,1.0,0.0,0.23076923076923078,0.19230769230769232,0.0,0.0,0.0,0.0,11.0,0.0,0.6666666666666666
https://expedia.com/library/3.12,0,0.5735022934055384,1,0,0,0,0,0,2,0,expedia.com,expedia.com,com,32.0,11.0,0.0,0.0,1.0,0.0,0.21875,0.09375,0.0,0.0,0.0,0.0,13.0,0.0,0.5714285714285714
https://khanacademy.org/watch?v=dQw4w9WgXcQ,0,0.528675381647973,1,1,0,0,0,0,1,1,khanacademy.org,khanacademy.org,org,43.0,15.0,0.0,0.0,1.0,0.0,0.16279069767441862,0.046511627906976744,0.0,0.0,0.0,0.0,19.0,0.0,0.36363636363636365
https://harvard.edu/blog,0,0.4605268114315508,1,0,0,0,0,0,1,0,harvard.edu,harvard.edu,edu,24.0,11.0,0.0,0.0,1.0,0.0,0.20833333333333334,0.0,0.0,0.0,0.0,0.0,5.0,0.0,0.2857142857142857
https://www.gov.uk/watch?v=dQw4w9WgXcQ,0,0.5987499828843564,1,1,0,0,0,0,1,1,www.gov.uk,www.gov.uk,uk,38.0,10.0,0.0,0.0,1.0,0.0,0.21052631578947367,0.05263157894736842,0.0,0.0,0.0,0.0,19.0,0.0,0.0
https://ibm.com/wiki,0,0.49217644869794663,1,0,0,0,0,0,1,0,ibm.com,ibm.com,com,20.0,7.0,0.0,0.0,1.0,0.0,0.25,0.0,0.0,0.0,0.0,0.0,5.0,0.0,0.3333333333333333
https://www.gov.uk/api/v2/products?page=2,0,0.6033696879268561,1,1,0,0,0,0,3,1,www.gov.uk,www.gov.uk,uk,41.0,10.0,0.0,0.0,1.0,0.0,0.24390243902439024,0.04878048780487805,0.0,0.0,0.0,0.0,22.0,0.0,0.0
https://ibm.com/help,0,0.49217644869794663,1,0,0,0,0,0,1,0,ibm.com,ibm.com,com,20.0,7.0,0.0,0.0,1.0,0.0,0.25,0.0,0.0,0.0,0.0,0.0,5.0,0.0,0.3333333333333333
https://wsj.com/download,0,0.4804836424866247,1,0,0,0,0,0,1,0,wsj.com,wsj.com,com,24.0,7.0,0.0,0.0,1.0,0.0,0.20833333333333334,0.0,0.0,0.0,0.0,0.0,9.0,0.0,0.0
http://wsj.com/contact,0,0.830954935283757,1,0,0,0,0,0,1,0,wsj.com,wsj.com,com,22.0,7.0,0.0,0.0,0.0,0.0,0.22727272727272727,0.0,0.0,0.0,0.0,0.0,8.0,0.0,0.0
https://airbnb.com/,0,0.510718798500963,1,0,0,0,0,0,0,0,airbnb.com,airbnb.com,com,19.0,10.0,0.0,0.0,1.0,0.0,0.2631578947368421,0.0,0.0,0.0,0.0,0.0,1.0,0.0,0.3333333333333333
https://pypi.org/releases/tag/v2.3.1,0,0.5984279430448343,1,0,0,0,0,0,3,0,pypi.org,pypi.org,org,36.0,8.0,0.0,0.0,1.0,0.0,0.25,0.08333333333333333,0.0,0.0,0.0,0.0,20.0,0.0,0.25
https://twitch.tv/watch?v=dQw4w9WgXcQ,0,0.601166135622442,1,1,0,0,0,0,1,1,twitch.tv,twitch.tv,tv,37.0,9.0,0.0,0.0,1.0,0.0,0.1891891891891892,0.05405405405405406,0.0,0.0,0.0,0.0,19.0,0.0,0.16666666666666666
http://npmjs.com/en-us/library,0,0.9257048082623272,1,0,0,0,0,0,2,0,npmjs.com,npmjs.com,com,30.0,9.0,0.0,0.0,0.0,0.0,0.23333333333333334,0.0,0.0,0.0,0.0,0.0,14.0,0.0,0.0
https://www.gov.uk/features,0,0.492974018111411,1,0,0,0,0,0,1,0,www.gov.uk,www.gov.uk,uk,27.0,10.0,0.0,0.0,1.0,0.0,0.2222222222222222,0.0,0.0,0.0,0.0,0.0,9.0,0.0,0.0
https://edx.org/,0,0.4900569581350956,1,0,0,0,0,0,0,0,edx.org,edx.org,org,16.0,7.0,0.0,0.0,1.0,0.0,0.3125,0.0,0.0,0.0,0.0,0.0,1.0,0.0,0.3333333333333333
https://mit.edu/search?q=python+tutorial,0,0.46201433758172844,1,1,0,0,0,0,1,1,mit.edu,mit.edu,edu,40.0,7.0,0.0,0.0,1.0,0.0,0.2,0.0,0.0,0.0,0.0,0.0,24.0,0.0,0.3333333333333333
http://salesforce.com/checkout,0,0.9280379661071627,1,0,0,1,0,0,1,0,salesforce.com,salesforce.com,com,30.0,14.0,0.0,0.0,0.0,0.0,0.16666666666666666,0.0,0.0,0.0,0.0,0.0,9.0,0.0,0.4
http://www.cdc.gov/issues/1042,0,0.8994101730189235,1,0,0,0,0,0,2,0,cdc.gov,www.cdc.gov,gov,30.0,11.0,0.0,1.0,0.0,0.0,0.23333333333333334,0.13333333333333333,0.0,0.0,0.0,0.0,12.0,0.0,0.0
https://wsj.com/terms,0,0.5279607317067588,1,0,0,0,0,0,1,0,wsj.com,wsj.com,com,21.0,7.0,0.0,0.0,1.0,0.0,0.23809523809523808,0.0,0.0,0.0,0.0,0.0,6.0,0.0,0.0
http://nih.gov/en-us/library,0,0.906344039546517,1,0,0,0,0,0,2,0,nih.gov,nih.gov,gov,28.0,7.0,0.0,0.0,0.0,0.0,0.25,0.0,0.0,0.0,0.0,0.0,14.0,0.0,0.3333333333333333
http://pinterest.com/forum,0,0.9610464401190482,1,0,0,0,0,0,1,0,pinterest.com,pinterest.com,com,26.0,13.0,0.0,0.0,0.0,0.0,0.19230769230769232,0.0,0.0,0.0,0.0,0.0,6.0,0.0,0.3333333333333333
https://nih.gov/api/v2/products?page=2,0,0.5153156672414723,1,1,0,0,0,0,3,1,nih.gov,nih.gov,gov,38.0,7.0,0.0,0.0,1.0,0.0,0.23684210526315788,0.05263157894736842,0.0,0.0,0.0,0.0,22.0,0.0,0.3333333333333333
https://expedia.com/item/98213,0,0.5295696343003582,1,0,0,0,0,0,2,0,expedia.com,expedia.com,com,30.0,11.0,0.0,0.0,1.0,0.0,0.2,0.16666666666666666,0.0,0.0,0.0,0.0,11.0,0.0,0.5714285714285714
https://digitalocean.com/downloads/latest,0,0.4702775555298677,1,0,0,0,0,0,2,0,digitalocean.com,digitalocean.com,com,41.0,16.0,0.0,0.0,1.0,0.0,0.14634146341463414,0.0,0.0,0.0,0.0,0.0,17.0,0.0,0.5
https://www.gov.uk/technology,0,0.4924104066847949,1,0,0,0,0,0,1,0,www.gov.uk,www.gov.uk,uk,29.0,10.0,0.0,0.0,1.0,0.0,0.20689655172413793,0.0,0.0,0.0,0.0,0.0,11.0,0.0,0.0
https://edx.org/library/3.12,0,0.5678913444786109,1,0,0,0,0,0,2,0,edx.org,edx.org,org,28.0,7.0,0.0,0.0,1.0,0.0,0.25,0.10714285714285714,0.0,0.0,0.0,0.0,13.0,0.0,0.3333333333333333
https://grubhub.com/en-us/docs/Web/JavaScript,0,0.5030835797476879,1,0,0,0,0,0,4,0,grubhub.com,grubhub.com,com,45.0,11.0,0.0,0.0,1.0,0.0,0.2,0.0,0.0,0.0,0.0,0.0,26.0,0.0,0.2857142857142857
https://npr.org/search,0,0.5072296093983517,1,0,0,0,0,0,1,0,npr.org,npr.org,org,22.0,7.0,0.0,0.0,1.0,0.0,0.22727272727272727,0.0,0.0,0.0,0.0,0.0,7.0,0.0,0.0
https://npr.org/order/confirmation/778213,0,0.46962752389646045,1,0,0,1,0,0,3,0,npr.org,npr.org,org,41.0,7.0,0.0,0.0,1.0,0.0,0.17073170731707318,0.14634146341463414,0.0,0.0,0.0,0.0,26.0,0.0,0.0
https://digitalocean.com/reference/functions.html,0,0.49294961885688593,1,0,0,0,0,0,2,0,digitalocean.com,digitalocean.com,com,49.0,16.0,0.0,0.0,1.0,0.0,0.14285714285714285,0.0,0.0,0.0,0.0,0.0,25.0,0.0,0.5
http://www.bankofamerica.com/,0,0.46863196036275523,1,0,0,0,0,0,0,0,bankofamerica.com,www.bankofamerica.com,com,29.0,21.0,0.0,1.0,0.0,0.0,0.20689655172413793,0.0,0.0,0.0,0.0,0.0,1.0,1.0,0.46153846153846156
https://www.gov.uk/community,0,0.5099340639222933,1,0,0,0,0,0,1,0,www.gov.uk,www.gov.uk,uk,28.0,10.0,0.0,0.0,1.0,0.0,0.21428571428571427,0.0,0.0,0.0,0.0,0.0,10.0,0.0,0.0
https://cdc.gov/en-us/docs/Web/JavaScript,0,0.526586260376941,1,0,0,0,0,0,4,0,cdc.gov,cdc.gov,gov,41.0,7.0,0.0,0.0,1.0,0.0,0.21951219512195122,0.0,0.0,0.0,0.0,0.0,26.0,0.0,0.0
https://stanford.edu/pull/2031,0,0.5490612855565716,1,0,0,0,0,0,2,0,stanford.edu,stanford.edu,edu,30.0,12.0,0.0,0.0,1.0,0.0,0.2,0.13333333333333333,0.0,0.0,0.0,0.0,10.0,0.0,0.25
https://bloomberg.com/library/3.12,0,0.544855758756525,1,0,0,0,0,0,2,0,bloomberg.com,bloomberg.com,com,34.0,13.0,0.0,0.0,1.0,0.0,0.20588235294117646,0.08823529411764706,0.0,0.0,0.0,0.0,13.0,0.0,0.3333333333333333
https://ibm.com/item/98213,0,0.6409429177483188,1,0,0,0,0,0,2,0,ibm.com,ibm.com,com,26.0,7.0,0.0,0.0,1.0,0.0,0.23076923076923078,0.19230769230769232,0.0,0.0,0.0,0.0,11.0,0.0,0.3333333333333333
http://techcrunch.com/article/2025/06/12/world-news,0,0.8472736991207969,1,0,0,0,0,0,5,0,techcrunch.com,techcrunch.com,com,51.0,14.0,0.0,0.0,0.0,0.0,0.19607843137254902,0.1568627450980392,0.0,0.0,0.0,0.0,30.0,0.0,0.2
http://bloomberg.com/shop/category/laptops,0,0.946407819089143,1,0,0,0,0,0,3,0,bloomberg.com,bloomberg.com,com,42.0,13.0,0.0,0.0,0.0,0.0,0.16666666666666666,0.0,0.0,0.0,0.0,0.0,22.0,0.0,0.3333333333333333
https://citibank.com/questions/12345/how-to-parse-json,0,0.47155087504677146,1,0,0,0,0,0,3,0,citibank.com,citibank.com,com,54.0,12.0,0.0,0.0,1.0,0.0,0.18518518518518517,0.09259259259259259,0.0,0.0,0.0,0.0,34.0,0.0,0.375
https://npr.org/download,0,0.4804836424866247,1,0,0,0,0,0,1,0,npr.org,npr.org,org,24.0,7.0,0.0,0.0,1.0,0.0,0.20833333333333334,0.0,0.0,0.0,0.0,0.0,9.0,0.0,0.0
https://wellsfargo.com/item/98213,0,0.49931503346592104,1,0,0,0,0,0,2,0,wellsfargo.com,wellsfargo.com,com,33.0,14.0,0.0,0.0,1.0,0.0,0.18181818181818182,0.15151515151515152,0.0,0.0,0.0,0.0,11.0,0.0,0.3
https://npr.org/news,0,0.573918649147868,1,0,0,0,0,0,1,0,npr.org,npr.org,org,20.0,7.0,0.0,0.0,1.0,0.0,0.25,0.0,0.0,0.0,0.0,0.0,5.0,0.0,0.0
https://npr.org/watch?v=dQw4w9WgXcQ,0,0.6002393443338504,1,1,0,0,0,0,1,1,npr.org,npr.org,org,35.0,7.0,0.0,0.0,1.0,0.0,0.2,0.05714285714285714,0.0,0.0,0.0,0.0,19.0,0.0,0.0
https://twitch.tv/news/technology,0,0.492261221417697,1,0,0,0,0,0,2,0,twitch.tv,twitch.tv,tv,33.0,9.0,0.0,0.0,1.0,0.0,0.18181818181818182,0.0,0.0,0.0,0.0,0.0,16.0,0.0,0.16666666666666666
http://stanford.edu/checkout,0,0.8884739772021094,1,0,0,1,0,0,1,0,stanford.edu,stanford.edu,edu,28.0,12.0,0.0,0.0,0.0,0.0,0.17857142857142858,0.0,0.0,0.0,0.0,0.0,9.0,0.0,0.25
https://npmjs.com/pull/2031,0,0.6672017159192354,1,0,0,0,0,0,2,0,npmjs.com,npmjs.com,com,27.0,9.0,0.0,0.0,1.0,0.0,0.2222222222222222,0.14814814814814814,0.0,0.0,0.0,0.0,10.0,0.0,0.0
https://shopify.com/wiki,0,0.4605268114315508,1,0,0,0,0,0,1,0,shopify.com,shopify.com,com,24.0,11.0,0.0,0.0,1.0,0.0,0.20833333333333334,0.0,0.0,0.0,0.0,0.0,5.0,0.0,0.2857142857142857
https://nytimes.com/docs,0,0.4605268114315508,1,0,0,0,0,0,1,0,nytimes.com,nytimes.com,com,24.0,11.0,0.0,0.0,1.0,0.0,0.20833333333333334,0.0,0.0,0.0,0.0,0.0,5.0,0.0,0.2857142857142857
https://pypi.org/download,0,0.4578695064179462,1,0,0,0,0,0,1,0,pypi.org,pypi.org,org,25.0,8.0,0.0,0.0,1.0,0.0,0.2,0.0,0.0,0.0,0.0,0.0,9.0,0.0,0.25
https://etsy.com/forum,0,0.4711117971221886,1,0,0,0,0,0,1,0,etsy.com,etsy.com,com,22.0,8.0,0.0,0.0,1.0,0.0,0.22727272727272727,0.0,0.0,0.0,0.0,0.0,6.0,0.0,0.25
http://uber.com/wiki,0,0.9854520244686762,1,0,0,0,0,0,1,0,uber.com,uber.com,com,20.0,8.0,0.0,0.0,0.0,0.0,0.25,0.0,0.0,0.0,0.0,0.0,5.0,0.0,0.5
https://atlassian.com/releases/tag/v2.3.1,0,0.5569654785119226,1,0,0,0,0,0,3,0,atlassian.com,atlassian.com,com,41.0,13.0,0.0,0.0,1.0,0.0,0.21951219512195122,0.07317073170731707,0.0,0.0,0.0,0.0,20.0,0.0,0.4444444444444444
https://citibank.com/api/v2/products?page=2,0,0.47236303089395754,1,1,0,0,0,0,3,1,citibank.com,citibank.com,com,43.0,12.0,0.0,0.0,1.0,0.0,0.20930232558139536,0.046511627906976744,0.0,0.0,0.0,0.0,22.0,0.0,0.375
https://bestbuy.com/,0,0.563086519118168,1,0,0,0,0,0,0,0,bestbuy.com,bestbuy.com,com,20.0,11.0,0.0,0.0,1.0,0.0,0.25,0.0,0.0,0.0,0.0,0.0,1.0,0.0,0.2857142857142857
https://americanexpress.com/article/2025/06/12/world-news,0,0.532766988815827,1,0,0,0,0,0,5,0,americanexpress.com,americanexpress.com,com,57.0,19.0,0.0,0.0,1.0,0.0,0.17543859649122806,0.14035087719298245,0.0,0.0,0.0,0.0,30.0,0.0,0.4
https://theguardian.com/technology,0,0.479200743360643,1,0,0,0,0,0,1,0,theguardian.com,theguardian.com,com,34.0,15.0,0.0,0.0,1.0,0.0,0.14705882352941177,0.0,0.0,0.0,0.0,0.0,11.0,0.0,0.45454545454545453
https://wsj.com/careers,0,0.49329578746424946,1,0,0,0,0,0,1,0,wsj.com,wsj.com,com,23.0,7.0,0.0,0.0,1.0,0.0,0.21739130434782608,0.0,0.0,0.0,0.0,0.0,8.0,0.0,0.0
https://atlassian.com/order/confirmation/778213,0,0.4687386918417776,1,0,0,1,0,0,3,0,atlassian.com,atlassian.com,com,47.0,13.0,0.0,0.0,1.0,0.0,0.14893617021276595,0.1276595744680851,0.0,0.0,0.0,0.0,26.0,0.0,0.4444444444444444
http://www.expedia.com/docs/getting-started,0,0.9713735563177226,1,0,0,0,0,0,2,0,expedia.com,www.expedia.com,com,43.0,15.0,0.0,1.0,0.0,0.0,0.18604651162790697,0.0,0.0,0.0,0.0,0.0,21.0,0.0,0.5714285714285714
https://steamcommunity.com/downloads/latest,0,0.5055771832772609,1,0,0,0,0,0,2,0,steamcommunity.com,steamcommunity.com,com,43.0,18.0,0.0,0.0,1.0,0.0,0.13953488372093023,0.0,0.0,0.0,0.0,0.0,17.0,0.0,0.35714285714285715
http://techcrunch.com/community,0,0.9030532823517804,1,0,0,0,0,0,1,0,techcrunch.com,techcrunch.com,com,31.0,14.0,0.0,0.0,0.0,0.0,0.16129032258064516,0.0,0.0,0.0,0.0,0.0,10.0,0.0,0.2
https://americanexpress.com/news,0,0.4599294100947661,1,0,0,0,0,0,1,0,americanexpress.com,americanexpress.com,com,32.0,19.0,0.0,0.0,1.0,0.0,0.15625,0.0,0.0,0.0,0.0,0.0,5.0,0.0,0.4
https://www.gov.uk/en-us/library,0,0.4992654550499228,1,0,0,0,0,0,2,0,www.gov.uk,www.gov.uk,uk,32.0,10.0,0.0,0.0,1.0,0.0,0.25,0.0,0.0,0.0,0.0,0.0,14.0,0.0,0.0
https://oracle.com/library/3.12,0,0.5436268615961377,1,0,0,0,0,0,2,0,oracle.com,oracle.com,com,31.0,10.0,0.0,0.0,1.0,0.0,0.22580645161290322,0.0967741935483871,0.0,0.0,0.0,0.0,13.0,0.0,0.5
http://booking.com/pricing,0,0.895892573619285,1,0,0,0,0,0,1,0,booking.com,booking.com,com,26.0,11.0,0.0,0.0,0.0,0.0,0.19230769230769232,0.0,0.0,0.0,0.0,0.0,8.0,0.0,0.42857142857142855
https://cdc.gov/api/v2/products?page=2,0,0.588122717747954,1,1,0,0,0,0,3,1,cdc.gov,cdc.gov,gov,38.0,7.0,0.0,0.0,1.0,0.0,0.23684210526315788,0.05263157894736842,0.0,0.0,0.0,0.0,22.0,0.0,0.0
https://steamcommunity.com/news/technology,0,0.5038826941948762,1,0,0,0,0,0,2,0,steamcommunity.com,steamcommunity.com,com,42.0,18.0,0.0,0.0,1.0,0.0,0.14285714285714285,0.0,0.0,0.0,0.0,0.0,16.0,0.0,0.35714285714285715
https://gov.uk/en-us/docs/Web/JavaScript,0,0.5558475308359887,1,0,0,0,0,0,4,0,gov.uk,gov.uk,uk,40.0,6.0,0.0,0.0,1.0,0.0,0.225,0.0,0.0,0.0,0.0,0.0,26.0,0.0,0.3333333333333333
https://citibank.com/releases/tag/v2.3.1,0,0.5254325630896053,1,0,0,0,0,0,3,0,citibank.com,citibank.com,com,40.0,12.0,0.0,0.0,1.0,0.0,0.225,0.075,0.0,0.0,0.0,0.0,20.0,0.0,0.375
http://www.epicgames.com/help,0,0.9914674538255823,1,0,0,0,0,0,1,0,epicgames.com,www.epicgames.com,com,29.0,17.0,0.0,1.0,0.0,0.0,0.20689655172413793,0.0,0.0,0.0,0.0,0.0,5.0,0.0,0.4444444444444444
https://npmjs.com/wiki,0,0.5050724911193051,1,0,0,0,0,0,1,0,npmjs.com,npmjs.com,com,22.0,9.0,0.0,0.0,1.0,0.0,0.22727272727272727,0.0,0.0,0.0,0.0,0.0,5.0,0.0,0.0
http://slack.com/checkout,0,0.9114286406334248,1,0,0,1,0,0,1,0,slack.com,slack.com,com,25.0,9.0,0.0,0.0,0.0,0.0,0.2,0.0,0.0,0.0,0.0,0.0,9.0,0.0,0.2
https://steamcommunity.com/watch?v=dQw4w9WgXcQ,0,0.5955105393544937,1,1,0,0,0,0,1,1,steamcommunity.com,steamcommunity.com,com,46.0,18.0,0.0,0.0,1.0,0.0,0.15217391304347827,0.043478260869565216,0.0,0.0,0.0,0.0,19.0,0.0,0.35714285714285715
https://theguardian.com/settings,0,0.4726784400691453,1,0,0,0,0,0,1,0,theguardian.com,theguardian.com,com,32.0,15.0,0.0,0.0,1.0,0.0,0.15625,0.0,0.0,0.0,0.0,0.0,9.0,0.0,0.45454545454545453
http://www.target.com/checkout,0,0.8899000241292068,1,0,0,1,0,0,1,0,target.com,www.target.com,com,30.0,14.0,0.0,1.0,0.0,0.0,0.2,0.0,0.0,0.0,0.0,0.0,9.0,0.0,0.3333333333333333
https://techcrunch.com/releases/tag/v2.3.1,0,0.5512349536557293,1,0,0,0,0,0,3,0,techcrunch.com,techcrunch.com,com,42.0,14.0,0.0,0.0,1.0,0.0,0.21428571428571427,0.07142857142857142,0.0,0.0,0.0,0.0,20.0,0.0,0.2
https://lyft.com/download,0,0.45499957515555184,1,0,0,0,0,0,1,0,lyft.com,lyft.com,com,25.0,8.0,0.0,0.0,1.0,0.0,0.2,0.0,0.0,0.0,0.0,0.0,9.0,0.0,0.0
https://twitch.tv/en-us/docs/Web/JavaScript,0,0.6285102779976278,1,0,0,0,0,0,4,0,twitch.tv,twitch.tv,tv,43.0,9.0,0.0,0.0,1.0,0.0,0.20930232558139536,0.0,0.0,0.0,0.0,0.0,26.0,0.0,0.16666666666666666
https://target.com/library/3.12,0,0.5266939865112974,1,0,0,0,0,0,2,0,target.com,target.com,com,31.0,10.0,0.0,0.0,1.0,0.0,0.22580645161290322,0.0967741935483871,0.0,0.0,0.0,0.0,13.0,0.0,0.3333333333333333
https://x.com/health,0,0.6601896200014812,1,0,0,0,0,0,1,0,x.com,x.com,com,20.0,5.0,0.0,0.0,1.0,0.0,0.25,0.0,0.0,0.0,0.0,0.0,7.0,0.0,0.0
https://steamcommunity.com/contact,0,0.490881207907025,1,0,0,0,0,0,1,0,steamcommunity.com,steamcommunity.com,com,34.0,18.0,0.0,0.0,1.0,0.0,0.14705882352941177,0.0,0.0,0.0,0.0,0.0,8.0,0.0,0.35714285714285715
https://wsj.com/community,0,0.4724152384469118,1,0,0,0,0,0,1,0,wsj.com,wsj.com,com,25.0,7.0,0.0,0.0,1.0,0.0,0.2,0.0,0.0,0.0,0.0,0.0,10.0,0.0,0.0
http://notion.so/tree/main/src,0,0.9445272309527268,1,0,0,0,0,0,3,0,notion.so,notion.so,so,30.0,9.0,0.0,0.0,0.0,0.0,0.23333333333333334,0.0,0.0,0.0,0.0,0.0,14.0,0.0,0.5
https://twitch.tv/api/v1/users,0,0.6208601422507065,1,0,0,0,0,0,3,0,twitch.tv,twitch.tv,tv,30.0,9.0,0.0,0.0,1.0,0.0,0.23333333333333334,0.03333333333333333,0.0,0.0,0.0,0.0,13.0,0.0,0.16666666666666666
https://ibm.com/wiki/Main_Page,0,0.4560614902781861,1,0,0,0,0,0,2,0,ibm.com,ibm.com,com,30.0,7.0,0.0,0.0,1.0,0.0,0.23333333333333334,0.0,0.0,0.0,0.0,0.0,15.0,0.0,0.3333333333333333
https://atlassian.com/wiki/Main_Page,0,0.4575703278324334,1,0,0,0,0,0,2,0,atlassian.com,atlassian.com,com,36.0,13.0,0.0,0.0,1.0,0.0,0.19444444444444445,0.0,0.0,0.0,0.0,0.0,15.0,0.0,0.4444444444444444
http://www.hsbc.com/article/2025/06/12/world-news,0,0.8693463402346373,1,0,0,0,0,0,5,0,hsbc.com,www.hsbc.com,com,49.0,12.0,0.0,1.0,0.0,0.0,0.22448979591836735,0.16326530612244897,0.0,0.0,0.0,0.0,30.0,0.0,0.0
https://trello.com/issues/1042,0,0.5281118534879163,1,0,0,0,0,0,2,0,trello.com,trello.com,com,30.0,10.0,0.0,0.0,1.0,0.0,0.2,0.13333333333333333,0.0,0.0,0.0,0.0,12.0,0.0,0.3333333333333333
http://medium.com/library/3.12,0,0.9278579191137466,1,0,0,0,0,0,2,0,medium.com,medium.com,com,30.0,10.0,0.0,0.0,0.0,0.0,0.23333333333333334,0.1,0.0,0.0,0.0,0.0,13.0,0.0,0.5
https://cdc.gov/releases/tag/v2.3.1,0,0.6054719727589291,1,0,0,0,0,0,3,0,cdc.gov,cdc.gov,gov,35.0,7.0,0.0,0.0,1.0,0.0,0.2571428571428571,0.08571428571428572,0.0,0.0,0.0,0.0,20.0,0.0,0.0
https://npmjs.com/tree/main/src,0,0.48334418395911694,1,0,0,0,0,0,3,0,npmjs.com,npmjs.com,com,31.0,9.0,0.0,0.0,1.0,0.0,0.22580645161290322,0.0,0.0,0.0,0.0,0.0,14.0,0.0,0.0
http://booking.com/science,0,0.895892573619285,1,0,0,0,0,0,1,0,booking.com,booking.com,com,26.0,11.0,0.0,0.0,0.0,0.0,0.19230769230769232,0.0,0.0,0.0,0.0,0.0,8.0,0.0,0.42857142857142855
https://americanexpress.com/wiki/Main_Page,0,0.4722537472309309,1,0,0,0,0,0,2,0,americanexpress.com,americanexpress.com,com,42.0,19.0,0.0,0.0,1.0,0.0,0.16666666666666666,0.0,0.0,0.0,0.0,0.0,15.0,0.0,0.4
https://digitalocean.com/search,0,0.45314314338916606,1,0,0,0,0,0,1,0,digitalocean.com,digitalocean.com,com,31.0,16.0,0.0,0.0,1.0,0.0,0.16129032258064516,0.0,0.0,0.0,0.0,0.0,7.0,0.0,0.5
https://hsbc.com/search,0,0.48491665015106067,1,0,0,0,0,0,1,0,hsbc.com,hsbc.com,com,23.0,8.0,0.0,0.0,1.0,0.0,0.21739130434782608,0.0,0.0,0.0,0.0,0.0,7.0,0.0,0.0
https://ibm.com/issues/1042,0,0.6022929165921729,1,0,0,0,0,0,2,0,ibm.com,ibm.com,com,27.0,7.0,0.0,0.0,1.0,0.0,0.2222222222222222,0.14814814814814814,0.0,0.0,0.0,0.0,12.0,0.0,0.3333333333333333
https://www.americanexpress.com/api/v2/products?page=2,0,0.5773930584862749,1,1,0,0,0,0,3,1,americanexpress.com,www.americanexpress.com,com,54.0,23.0,0.0,1.0,1.0,0.0,0.18518518518518517,0.037037037037037035,0.0,0.0,0.0,0.0,22.0,0.0,0.4
https://cloudflare.com/order/confirmation/778213,0,0.47961291404002526,1,0,0,1,0,0,3,0,cloudflare.com,cloudflare.com,com,48.0,14.0,0.0,0.0,1.0,0.0,0.14583333333333334,0.125,0.0,0.0,0.0,0.0,26.0,0.0,0.4
http://nih.gov/science,0,0.890190691919505,1,0,0,0,0,0,1,0,nih.gov,nih.gov,gov,22.0,7.0,0.0,0.0,0.0,0.0,0.22727272727272727,0.0,0.0,0.0,0.0,0.0,8.0,0.0,0.3333333333333333
http://www.twitch.tv/terms,0,0.9473149797074554,1,0,0,0,0,0,1,0,twitch.tv,www.twitch.tv,tv,26.0,13.0,0.0,1.0,0.0,0.0,0.23076923076923078,0.0,0.0,0.0,0.0,0.0,6.0,0.0,0.16666666666666666
https://grubhub.com/wiki/Main_Page,0,0.4688946063061281,1,0,0,0,0,0,2,0,grubhub.com,grubhub.com,com,34.0,11.0,0.0,0.0,1.0,0.0,0.20588235294117646,0.0,0.0,0.0,0.0,0.0,15.0,0.0,0.2857142857142857
https://gov.uk/news/technology,0,0.5122777376359391,1,0,0,0,0,0,2,0,gov.uk,gov.uk,uk,30.0,6.0,0.0,0.0,1.0,0.0,0.2,0.0,0.0,0.0,0.0,0.0,16.0,0.0,0.3333333333333333
https://arstechnica.com,0,0.469559786673333,1,0,0,0,0,0,0,0,arstechnica.com,arstechnica.com,com,23.0,15.0,0.0,0.0,1.0,0.0,0.17391304347826086,0.0,0.0,0.0,0.0,0.0,0.0,0.0,0.36363636363636365
https://airbnb.com/issues/1042,0,0.5281118534879163,1,0,0,0,0,0,2,0,airbnb.com,airbnb.com,com,30.0,10.0,0.0,0.0,1.0,0.0,0.2,0.13333333333333333,0.0,0.0,0.0,0.0,12.0,0.0,0.3333333333333333
https://americanexpress.com/news/technology,0,0.4934726444383294,1,0,0,0,0,0,2,0,americanexpress.com,americanexpress.com,com,43.0,19.0,0.0,0.0,1.0,0.0,0.13953488372093023,0.0,0.0,0.0,0.0,0.0,16.0,0.0,0.4
https://twitch.tv/careers,0,0.48247603923891036,1,0,0,0,0,0,1,0,twitch.tv,twitch.tv,tv,25.0,9.0,0.0,0.0,1.0,0.0,0.2,0.0,0.0,0.0,0.0,0.0,8.0,0.0,0.16666666666666666
